<?xml version="1.0" encoding="UTF-8"?>
<project-private xmlns="http://www.netbeans.org/ns/project-private/1">
    <editor-bookmarks xmlns="http://www.netbeans.org/ns/editor-bookmarks/2" lastBookmarkId="0"/>
    <open-files xmlns="http://www.netbeans.org/ns/projectui-open-files/2">
        <group>
            <file>file:/C:/Users/user/Desktop/project/Library-Management-System-Project-master/src/AddBook.java</file>
            <file>file:/C:/Users/user/Desktop/project/Library-Management-System-Project-master/src/Loading2.java</file>
            <file>file:/C:/Users/user/Desktop/project/Library-Management-System-Project-master/src/SignIn.java</file>
            <file>file:/C:/Users/user/Desktop/project/Library-Management-System-Project-master/src/home.java</file>
            <file>file:/C:/Users/user/Desktop/project/Library-Management-System-Project-master/src/Connect.java</file>
            <file>file:/C:/Users/user/Desktop/project/Library-Management-System-Project-master/src/Loading1.java</file>
            <file>file:/C:/Users/user/Desktop/project/Library-Management-System-Project-master/src/IssueBook.java</file>
            <file>file:/C:/Users/user/Desktop/project/Library-Management-System-Project-master/src/ReturnBook.java</file>
            <file>file:/C:/Users/user/Desktop/project/Library-Management-System-Project-master/src/StudentRegistration.java</file>
        </group>
    </open-files>
</project-private>
